{"label": "component 4: right ear", "fidelity_vs_ideal": 0.31803124550044115, "purity": 0.16218704255029498, "rho_real": [[0.08506040219907407, 0.051007306134259266, -0.0067093460648148156, -0.039957682291666664, -0.021267361111111112, 0.0025227864583333356, 0.015706380208333336, 0.018147786458333336, 0.0015281394675925922, 0.0007052951388888881, -0.014811197916666668, 0.007161458333333334, 0.007839626736111112, 0.016194661458333332, 0.0029296875, 0.006103515625], [0.051007306134259266, 0.13162796585648148, 0.035834418402777776, -0.01148365162037037, -0.03957790798611111, -0.012478298611111112, 0.021728515625000003, 0.028238932291666668, 0.019911024305555556, -0.0057960792824074065, -0.021158854166666664, 0.009277343750000002, -0.006429036458333334, 0.007514105902777778, 0.006103515625, -0.01611328125], [-0.0067093460648148156, 0.035834418402777776, 0.09726743344907407, 0.010534215856481483, -0.017116970486111112, -0.026936848958333336, -0.008626302083333332, 0.013264973958333336, 0.013509114583333332, 0.010579427083333332, 0.003915292245370371, -0.0007595486111111119, -0.010904947916666666, -0.000244140625, -0.004204644097222222, -0.004801432291666666], [-0.039957682291666664, -0.01148365162037037, 0.010534215856481483, 0.07927336516203703, 0.031005859375, -0.01532660590277778, -0.023627387152777776, -0.009928385416666666, 0.005371093749999999, 0.008626302083333332, -0.014105902777777778, -0.006013093171296296, 0.003662109375, 0.000325520833333335, 0.012613932291666666, -0.009412977430555556], [-0.021267361111111112, -0.03957790798611111, -0.017116970486111112, 0.031005859375, 0.08569335937499999, 0.0031557436342592587, -0.012568721064814815, -0.015706380208333336, -0.002631293402777778, 0.016520182291666664, 0.009765625000000002, -0.003173828125, 0.00196216724537037, -0.008246527777777778, -0.002604166666666668, -0.017252604166666664], [0.0025227864583333356, -0.012478298611111112, -0.026936848958333336, -0.01532660590277778, 0.0031557436342592587, 0.048276548032407406, 0.00995551215277778, -0.013111255787037038, -0.007080078125, -0.011420355902777778, -0.012939453125, -0.00439453125, -0.007269965277777778, -0.0011302806712962955, 0.012044270833333332, -0.003906249999999999], [0.015706380208333336, 0.021728515625000003, -0.008626302083333332, -0.023627387152777776, -0.012568721064814815, 0.00995551215277778, 0.062201605902777776, 0.01444046585648148, -0.00146484375, -0.009521484375, -0.010118272569444444, -0.006429036458333333, 0.004231770833333332, -0.011881510416666668, -0.004765263310185185, 0.010796440972222222], [0.018147786458333336, 0.028238932291666668, 0.013264973958333336, -0.009928385416666666, -0.015706380208333336, -0.013111255787037038, 0.01444046585648148, 0.06178566261574075, -0.003662109375, -0.0009765624999999993, 0.006103515625, -0.00035264756944444406, -0.00439453125, -0.002604166666666667, 0.01047092013888889, 0.0032099971064814816], [0.0015281394675925922, 0.019911024305555556, 0.013509114583333332, 0.005371093749999999, -0.002631293402777778, -0.007080078125, -0.00146484375, -0.003662109375, 0.051821108217592594, 0.0004430700231481486, 0.005931712962962962, 0.0004069010416666661, -0.009765624999999997, -0.008707682291666668, -0.005452473958333333, -0.004313151041666666], [0.0007052951388888881, -0.0057960792824074065, 0.010579427083333332, 0.008626302083333332, 0.016520182291666664, -0.011420355902777778, -0.009521484375, -0.0009765624999999993, 0.0004430700231481486, 0.0441351996527778, -0.012017144097222222, -0.005353009259259259, 0.00518120659722222, 0.001302083333333333, 0.008056640625, 0.014892578125], [-0.014811197916666668, -0.021158854166666664, 0.003915292245370371, -0.014105902777777778, 0.009765625000000002, -0.012939453125, -0.010118272569444444, 0.006103515625, 0.005931712962962962, -0.012017144097222222, 0.039288556134259266, 0.0042408130787037045, -0.000515407986111111, -0.0005696614583333356, 0.008083767361111112, 0.004964192708333334], [0.007161458333333334, 0.009277343750000002, -0.0007595486111111119, -0.006013093171296296, -0.003173828125, -0.00439453125, -0.006429036458333333, -0.00035264756944444406, 0.0004069010416666661, -0.005353009259259259, 0.0042408130787037045, 0.045817057291666664, -0.004150390625, -0.004584418402777777, -0.013047960069444446, -0.006564670138888888], [0.007839626736111112, -0.006429036458333334, -0.010904947916666666, 0.003662109375, 0.00196216724537037, -0.007269965277777778, 0.004231770833333332, -0.00439453125, -0.009765624999999997, 0.00518120659722222, -0.000515407986111111, -0.004150390625, 0.04355649594907408, 0.005325882523148149, 0.0016999421296296294, 0.005126953125], [0.016194661458333332, 0.007514105902777778, -0.000244140625, 0.000325520833333335, -0.008246527777777778, -0.0011302806712962955, -0.011881510416666668, -0.002604166666666667, -0.008707682291666668, 0.001302083333333333, -0.0005696614583333356, -0.004584418402777777, 0.005325882523148149, 0.04758933738425926, 0.007025824652777778, 0.0005063657407407397], [0.0029296875, 0.006103515625, -0.004204644097222222, 0.012613932291666666, -0.002604166666666668, 0.012044270833333332, -0.004765263310185185, 0.01047092013888889, -0.005452473958333333, 0.008056640625, 0.008083767361111112, -0.013047960069444446, 0.0016999421296296294, 0.007025824652777778, 0.038944950810185196, -0.009431061921296295], [0.006103515625, -0.01611328125, -0.004801432291666666, -0.009412977430555556, -0.017252604166666664, -0.003906249999999999, 0.010796440972222222, 0.0032099971064814816, -0.004313151041666666, 0.014892578125, 0.004964192708333334, -0.006564670138888888, 0.005126953125, 0.0005063657407407397, -0.009431061921296295, 0.0376609519675926]],