{"label": "single-component test (muzzle)", "fidelity_vs_ideal": 0.26691656257517704, "purity": 0.16310986439059955, "rho_real": [[0.1731499565972222, -0.0038881655092592596, -0.04874674479166667, -0.015462239583333332, 0.006058304398148149, 0.004692925347222222, -0.018337673611111112, -0.007405598958333332, 0.005253544560185185, 0.009711371527777778, -0.004014756944444444, -0.011637369791666666, -0.009711371527777778, -0.020751953125, -0.015055338541666666, -0.00048828125], [-0.0038881655092592596, 0.10135452835648147, -0.008083767361111112, -0.040717230902777776, -0.03860134548611111, 0.018699363425925927, -0.018310546875, 0.003634982638888889, -0.0008138020833333335, -0.007441767939814815, 0.007242838541666666, 0.017795138888888888, 0.015055338541666666, 0.0015190972222222216, -0.0166015625, 0.021565755208333336], [-0.04874674479166667, -0.008083767361111112, 0.08945493344907406, 0.00924117476851852, -0.007812500000000002, 0.007731119791666668, 0.008499710648148147, -0.0005154079861111101, 0.006998697916666666, -0.014892578125000002, -0.01368091724537037, 0.003851996527777777, 0.030680338541666668, 0.0009765625, -0.001573350694444445, 0.002685546875], [-0.015462239583333332, -0.040717230902777776, 0.00924117476851852, 0.08677842881944446, 0.008544921875, -0.00439453125, 0.012505425347222222, -0.00490089699074074, -0.0034993489583333348, 0.00244140625, 0.004394531249999999, -0.0016366464120370376, -0.00244140625, -0.015706380208333336, -0.001546223958333334, -0.009874131944444444], [0.006058304398148149, -0.03860134548611111, -0.007812500000000002, 0.008544921875, 0.04391818576388888, -0.005027488425925927, -0.006808810763888888, 0.00048828125, 0.007649739583333334, 0.010498046875, -0.001220703125, -0.0009765625, -0.0008228443287037028, 0.0014105902777777775, 0.005913628472222222, -0.005777994791666667], [0.004692925347222222, 0.018699363425925927, 0.007731119791666668, -0.00439453125, -0.005027488425925927, 0.06630678530092593, -0.002549913194444444, 0.008707682291666668, -0.001546223958333334, 0.0006510416666666661, -0.00048828125, 0.000244140625, -0.008463541666666668, 0.0021068431712962968, -0.002522786458333333, -0.015245225694444444], [-0.018337673611111112, -0.018310546875, 0.008499710648148147, 0.012505425347222222, -0.006808810763888888, -0.002549913194444444, 0.06319625289351852, 0.00972945601851852, -0.016031901041666668, -0.00537109375, -0.0027669270833333335, 0.002685546875, -0.005533854166666666, 0.006591796875, 0.013445818865740741, 0.000434027777777777], [-0.007405598958333332, 0.003634982638888889, -0.0005154079861111101, -0.00490089699074074, 0.00048828125, 0.008707682291666668, 0.00972945601851852, 0.04402669270833334, -0.001953125, 0.003987630208333332, -0.004475911458333334, 4.336808689942018e-19, 0.004313151041666665, 0.009440104166666668, 0.005533854166666667, 0.0020525896990740743], [0.005253544560185185, -0.0008138020833333335, 0.006998697916666666, -0.0034993489583333348, 0.007649739583333334, -0.001546223958333334, -0.016031901041666668, -0.001953125, 0.03621419270833333, -0.0006872106481481484, -0.008219401041666666, 0.011555989583333332, 0.004105179398148148, -0.008653428819444444, -0.00027126736111111015, -0.007893880208333332], [0.009711371527777778, -0.007441767939814815, -0.014892578125000002, 0.00244140625, 0.010498046875, 0.0006510416666666661, -0.00537109375, 0.003987630208333332, -0.0006872106481481484, 0.05089879918981481, 0.0003797743055555551, 0.007297092013888888, 0.007948133680555558, -0.00831886574074074, 0.0026855468750000004, -0.002712673611111111], [-0.004014756944444444, 0.007242838541666666, -0.01368091724537037, 0.004394531249999999, -0.001220703125, -0.00048828125, -0.0027669270833333335, -0.004475911458333334, -0.008219401041666666, 0.0003797743055555551, 0.03867368344907407, 0.003653067129629629, -0.006022135416666666, -0.003499348958333333, -0.0012659143518518523, 0.001763237847222222], [-0.011637369791666666, 0.017795138888888888, 0.003851996527777777, -0.0016366464120370376, -0.0009765625, 0.000244140625, 0.002685546875, 4.336808689942018e-19, 0.011555989583333332, 0.007297092013888888, 0.003653067129629629, 0.038492838541666685, -0.004638671874999999, 0.004231770833333334, -0.01516384548611111, 0.011049623842592594], [-0.009711371527777778, 0.015055338541666666, 0.030680338541666668, -0.00244140625, -0.0008228443287037028, -0.008463541666666668, -0.005533854166666666, 0.004313151041666665, 0.004105179398148148, 0.007948133680555558, -0.006022135416666666, -0.004638671874999999, 0.05498589409722221, -0.003454137731481482, 0.007351345486111112, -0.014485677083333334], [-0.020751953125, 0.0015190972222222216, 0.0009765625, -0.015706380208333336, 0.0014105902777777775, 0.0021068431712962968, 0.006591796875, 0.009440104166666668, -0.008653428819444444, -0.00831886574074074, -0.003499348958333333, 0.004231770833333334, -0.003454137731481482, 0.029088903356481483, -0.0009223090277777788, -0.006754557291666668], [-0.015055338541666666, -0.0166015625, -0.001573350694444445, -0.001546223958333334, 0.005913628472222222, -0.002522786458333333, 0.013445818865740741, 0.005533854166666667, -0.00027126736111111015, 0.0026855468750000004, -0.0012659143518518523, -0.01516384548611111, 0.007351345486111112, -0.0009223090277777788, 0.03541847511574074, 0.0025137442129629637], [-0.00048828125, 0.021565755208333336, 0.002685546875, -0.009874131944444444, -0.005777994791666667, -0.015245225694444444, 0.000434027777777777, 0.0020525896990740743, -0.007893880208333332, -0.002712673611111111, 0.001763237847222222, 0.011049623842592594, -0.014485677083333334, -0.006754557291666668, 0.0025137442129629637, 0.048041449652777776]],