{"label": "component 5: muzzle", "fidelity_vs_ideal": 0.3147073243028559, "purity": 0.16422427927025063, "rho_real": [[0.1923737702546296, 0.00972945601851852, -0.08144350405092592, -0.01394314236111111, 0.02879050925925926, -0.0244140625, -0.015733506944444444, 0.0030924479166666696, -0.010009765624999998, 0.002821180555555556, 0.0027669270833333335, 0.002522786458333334, -0.0166015625, -0.001627604166666666, 0.004964192708333334, 0.000244140625], [0.00972945601851852, 0.1187156394675926, -0.0004340277777777784, -0.018509476273148147, -0.003634982638888888, 0.030472366898148147, 0.014811197916666666, 0.00851779513888889, 0.002821180555555555, -0.013916015625, 0.008219401041666664, 0.012532552083333334, -0.000651041666666667, -0.013509114583333336, 0.011474609375, 0.004964192708333334], [-0.08144350405092592, -0.0004340277777777784, 0.09365053530092592, 0.011140046296296297, -0.018391927083333332, 0.008951822916666666, 0.011429398148148149, 0.010091145833333334, -0.00027126736111111134, 0.005940755208333333, -0.000949435763888889, 0.009006076388888888, 0.016031901041666664, -0.004150390625, 0.010904947916666666, 0.005696614583333334], [-0.01394314236111111, -0.018509476273148147, 0.011140046296296297, 0.07142469618055557, -0.00439453125, 0.010742187499999998, -0.006890190972222222, -0.007722077546296297, 0.013264973958333334, 0.008517795138888886, -0.011501736111111112, -0.0006239149305555542, 0.000244140625, 0.002360026041666666, -0.015787760416666668, -0.005533854166666668], [0.02879050925925926, -0.003634982638888888, -0.018391927083333332, -0.00439453125, 0.06258138020833333, -0.002423321759259259, -0.007713035300925925, -0.003038194444444444, 0.003580729166666668, -0.003255208333333334, -0.0033365885416666665, -0.015869140625, -0.003879123263888888, -0.005805121527777778, 0.003743489583333333, 0.007893880208333334], [-0.0244140625, 0.030472366898148147, 0.008951822916666666, 0.010742187499999998, -0.002423321759259259, 0.04328522858796297, -0.000922309027777778, 0.005741825810185185, 0.007161458333333332, -0.005045572916666666, -0.013427734375, -0.005289713541666666, 0.001681857638888889, 0.008165147569444444, -0.005940755208333333, 0.008626302083333332], [-0.015733506944444444, 0.014811197916666666, 0.011429398148148149, -0.006890190972222222, -0.007713035300925925, -0.000922309027777778, 0.04664894386574075, -0.010452835648148149, 0.010660807291666666, 0.003173828125, -0.005045572916666666, -0.001790364583333333, 5.4253472222221704e-05, 0.009358723958333334, -0.001654730902777778, -0.006456163194444445], [0.0030924479166666696, 0.00851779513888889, 0.010091145833333334, -0.007722077546296297, -0.003038194444444444, 0.005741825810185185, -0.010452835648148149, 0.06055591724537037, 0.006591796875, -0.006917317708333334, 0.001790364583333334, 0.0019531249999999996, 0.003011067708333334, 5.425347222222149e-05, 0.005913628472222222, -0.01076931423611111], [-0.010009765624999998, 0.002821180555555555, -0.00027126736111111134, 0.013264973958333334, 0.003580729166666668, 0.007161458333333332, 0.010660807291666666, 0.006591796875, 0.04241717303240739, 0.0006148726851851853, -0.000605830439814813, 0.0008680555555555555, 0.015932436342592594, -0.001627604166666666, 0.00656467013888889, 0.006510416666666668], [0.002821180555555556, -0.013916015625, 0.005940755208333333, 0.008517795138888886, -0.003255208333333334, -0.005045572916666666, 0.003173828125, -0.006917317708333334, 0.0006148726851851853, 0.03733543113425928, -0.004828559027777778, -0.007333260995370371, 0.006781684027777778, -0.013635706018518517, -0.013020833333333334, -0.003363715277777778], [0.0027669270833333335, 0.008219401041666664, -0.000949435763888889, -0.011501736111111112, -0.0033365885416666665, -0.013427734375, -0.005045572916666666, 0.001790364583333334, -0.000605830439814813, -0.004828559027777778, 0.04666702835648149, 0.0026765046296296302, 0.006184895833333334, 0.007486979166666666, -0.0043583622685185175, -0.0013020833333333322], [0.002522786458333334, 0.012532552083333334, 0.009006076388888888, -0.0006239149305555542, -0.015869140625, -0.005289713541666666, -0.001790364583333333, 0.0019531249999999996, 0.0008680555555555555, -0.007333260995370371, 0.0026765046296296302, 0.028564453125000007, -0.00390625, -0.012532552083333334, 0.008409288194444444, 0.005787037037037037], [-0.0166015625, -0.000651041666666667, 0.016031901041666664, 0.000244140625, -0.003879123263888888, 0.001681857638888889, 5.4253472222221704e-05, 0.003011067708333334, 0.015932436342592594, 0.006781684027777778, 0.006184895833333334, -0.00390625, 0.03458658854166666, 0.0008318865740740743, -0.0023961950231481486, -0.0018988715277777778], [-0.001627604166666666, -0.013509114583333336, -0.004150390625, 0.002360026041666666, -0.005805121527777778, 0.008165147569444444, 0.009358723958333334, 5.425347222222149e-05, -0.001627604166666666, -0.013635706018518517, 0.007486979166666666, -0.012532552083333334, 0.0008318865740740743, 0.044804325810185196, 0.0005425347222222225, -0.003915292245370374], [0.004964192708333334, 0.011474609375, 0.010904947916666666, -0.015787760416666668, 0.003743489583333333, -0.005940755208333333, -0.001654730902777778, 0.005913628472222222, 0.00656467013888889, -0.013020833333333334, -0.0043583622685185175, 0.008409288194444444, -0.0023961950231481486, 0.0005425347222222225, 0.04089807581018518, 0.0032190393518518514], [0.000244140625, 0.004964192708333334, 0.005696614583333334, -0.005533854166666668, 0.007893880208333334, 0.008626302083333332, -0.006456163194444445, -0.01076931423611111, 0.006510416666666668, -0.003363715277777778, -0.0013020833333333322, 0.005787037037037037, -0.0018988715277777778, -0.003915292245370374, 0.0032190393518518514, 0.03549081307870371]],