{"label": "component 1: head |0>", "fidelity_vs_ideal": 0.30887422698156697, "purity": 0.16890177314664107, "rho_real": [[0.3149685329861111, -0.007921006944444444, -0.002224392361111111, 0.02289496527777778, 0.017560040509259255, -0.0010579427083333333, 0.013834635416666666, 0.031087239583333336, 0.0013201678240740743, 0.009521484375, 0.020182291666666668, 0.006022135416666667, 0.008219401041666668, -0.012369791666666668, -0.0029296874999999987, -0.0029296875], [-0.007921006944444444, 0.06932689525462962, 0.009874131944444446, 0.006076388888888889, -0.012342664930555554, -0.0025679976851851853, -0.005696614583333334, -0.0027669270833333335, 0.005669487847222222, 0.0015914351851851847, 0.015299479166666666, -0.00537109375, -0.01171875, -0.005940755208333334, -0.0078125, 0.007812500000000002], [-0.002224392361111111, 0.009874131944444446, 0.059760199652777776, 0.009711371527777778, -0.017252604166666664, 0.0014648437500000017, 0.00535300925925926, 0.001546223958333334, -0.00032552083333333174, 0.0032552083333333326, 0.008698640046296295, -0.005126953125, 0.011393229166666666, -0.013671875, 0.009033203125, -0.007975260416666668], [0.02289496527777778, 0.006076388888888889, 0.009711371527777778, 0.0494701244212963, -0.0034179687500000017, 0.0022786458333333335, 0.01890733506944444, 0.00736038773148148, 0.007324218749999998, -0.001790364583333334, 0.002739800347222222, -0.00730613425925926, -0.013671875, -0.005208333333333334, 0.01123046875, -0.0021972656250000004], [0.017560040509259255, -0.012342664930555554, -0.017252604166666664, -0.0034179687500000017, 0.059814453125, -0.008246527777777776, 0.001790364583333333, 0.0009223090277777775, 0.01494683159722222, 0.0009765625000000009, -0.017578125, -0.00244140625, -0.009313512731481483, -0.007893880208333332, 0.00016276041666666782, 0.0021158854166666665], [-0.0010579427083333333, -0.0025679976851851853, 0.0014648437500000017, 0.0022786458333333335, -0.008246527777777776, 0.0304271556712963, -0.0016818576388888894, -0.00032552083333333326, 0.013346354166666668, 0.005018446180555556, -0.01123046875, 0.0087890625, -0.003607855902777779, 0.0030020254629629633, 0.0006510416666666663, -0.0009765625], [0.013834635416666666, -0.005696614583333334, 0.00535300925925926, 0.01890733506944444, 0.001790364583333333, -0.0016818576388888894, 0.04104275173611111, 0.007758246527777778, 0.005859375, -0.00634765625, -0.0034450954861111106, -0.01318359375, 0.005696614583333334, -0.006510416666666668, 0.0003436053240740741, 0.005777994791666666], [0.031087239583333336, -0.0027669270833333335, 0.001546223958333334, 0.00736038773148148, 0.0009223090277777775, -0.00032552083333333326, 0.007758246527777778, 0.05364764178240742, 0.02099609375, 0.0048828125, -0.001790364583333333, -0.0026312934027777775, -0.00341796875, -0.004557291666666666, 0.00029839409722222203, 0.0022424768518518523], [0.0013201678240740743, 0.005669487847222222, -0.00032552083333333174, 0.007324218749999998, 0.01494683159722222, 0.013346354166666668, 0.005859375, 0.02099609375, 0.05502206307870368, -0.00010850694444444384, -0.002278645833333333, -0.009006076388888888, 0.006166811342592591, 0.014404296875, 0.001790364583333334, 0.001790364583333334], [0.009521484375, 0.0015914351851851847, 0.0032552083333333326, -0.001790364583333334, 0.0009765625000000009, 0.005018446180555556, -0.00634765625, 0.0048828125, -0.00010850694444444384, 0.022162543402777783, -0.010308159722222222, 0.0008138020833333333, 0.0008409288194444438, 0.0019892939814814816, 0.005045572916666666, 0.0037434895833333335], [0.020182291666666668, 0.015299479166666666, 0.008698640046296295, 0.002739800347222222, -0.017578125, -0.01123046875, -0.0034450954861111106, -0.001790364583333333, -0.002278645833333333, -0.010308159722222222, 0.026050708912037028, -0.007866753472222224, 0.001627604166666666, 0.00048828125, -0.0018084490740740743, -0.01326497395833333], [0.006022135416666667, -0.00537109375, -0.005126953125, -0.00730613425925926, -0.00244140625, 0.0087890625, -0.01318359375, -0.0026312934027777775, -0.009006076388888888, 0.0008138020833333333, -0.007866753472222224, 0.040391710069444454, -0.0014648437500000004, -0.005208333333333334, -0.004041883680555556, 0.0024775752314814808], [0.008219401041666668, -0.01171875, 0.011393229166666666, -0.013671875, -0.009313512731481483, -0.003607855902777779, 0.005696614583333334, -0.00341796875, 0.006166811342592591, 0.0008409288194444438, 0.001627604166666666, -0.0014648437500000004, 0.031421802662037035, -0.0007595486111111104, 0.002712673611111111, 0.0022243923611111114], [-0.012369791666666668, -0.005940755208333334, -0.013671875, -0.005208333333333334, -0.007893880208333332, 0.0030020254629629633, -0.006510416666666668, -0.004557291666666666, 0.014404296875, 0.0019892939814814816, 0.00048828125, -0.005208333333333334, -0.0007595486111111104, 0.05986870659722221, -0.004286024305555556, -0.008517795138888888], [-0.0029296874999999987, -0.0078125, 0.009033203125, 0.01123046875, 0.00016276041666666782, 0.0006510416666666663, 0.0003436053240740741, 0.00029839409722222203, 0.001790364583333334, 0.005045572916666666, -0.0018084490740740743, -0.004041883680555556, 0.002712673611111111, -0.004286024305555556, 0.0513870804398148, 0.003526475694444445], [-0.0029296875, 0.007812500000000002, -0.007975260416666668, -0.0021972656250000004, 0.0021158854166666665, -0.0009765625, 0.005777994791666666, 0.0022424768518518523, 0.001790364583333334, 0.0037434895833333335, -0.01326497395833333, 0.0024775752314814808, 0.0022243923611111114, -0.008517795138888888, 0.003526475694444445, 0.035237630208333336]],