{"label": "component 3: left ear", "fidelity_vs_ideal": 0.30570225373102167, "purity": 0.16548369450824252, "rho_real": [[0.0796169704861111, -0.027425130208333332, -0.006293402777777776, 0.03453233506944445, -0.030671296296296294, -0.0060763888888888855, 0.019395616319444448, -0.002766927083333332, 0.012532552083333334, 0.000949435763888889, -0.009060329861111108, -0.005533854166666667, 0.003526475694444444, 0.002522786458333333, -0.009114583333333334, 0.0029296875], [-0.027425130208333332, 0.1256058304398148, -0.01679144965277778, -0.012966579861111112, 0.04112413194444445, -0.032624421296296294, -0.03873697916666667, 0.016628689236111112, -0.014133029513888888, -0.004937065972222223, 0.007649739583333334, 0.00412326388888889, 0.004475911458333333, -0.00998263888888889, -0.0078125, 0.013834635416666666], [-0.006293402777777776, -0.01679144965277778, 0.10178855613425924, -0.027045355902777776, 0.00029839409722222116, 0.02783203125, -0.024703414351851853, 0.001573350694444444, 0.036187065972222224, 0.013509114583333332, -0.003038194444444444, 0.014295789930555556, 0.0008138020833333339, -0.00390625, 0.00043402777777777797, -0.015055338541666668], [0.03453233506944445, -0.012966579861111112, -0.027045355902777776, 0.09211335358796294, -0.016927083333333332, -0.013861762152777778, 0.014268663194444444, 0.0010127314814814808, -0.008138020833333334, -0.005316840277777778, -0.004041883680555555, -0.002604166666666667, -0.013671875, -0.0026041666666666665, -0.014078776041666668, 0.004503038194444444], [-0.030671296296296294, 0.04112413194444445, 0.00029839409722222116, -0.016927083333333332, 0.08634440104166669, -0.016194661458333336, -0.01519097222222222, 0.00442165798611111, 0.006673177083333334, -0.013427734375, 0.01708984375, -0.0166015625, -0.002061631944444444, -0.0001898871527777771, -0.00824652777777778, -0.00016276041666666782], [-0.0060763888888888855, -0.032624421296296294, 0.02783203125, -0.013861762152777778, -0.016194661458333336, 0.07493308738425927, -0.000678168402777778, -0.001681857638888889, 0.000244140625, -0.008138020833333334, -0.009765625, 0.006835937499999998, -0.002577039930555555, 0.0035807291666666665, 0.007161458333333332, 0.004937065972222222], [0.019395616319444448, -0.03873697916666667, -0.024703414351851853, 0.014268663194444444, -0.01519097222222222, -0.000678168402777778, 0.06261754918981483, -0.005398220486111112, 0.002604166666666666, 0.0009765625, -0.016927083333333336, 0.00024414062499999957, -0.009223090277777778, 0.005208333333333332, 0.010687934027777776, 0.005343967013888888], [-0.002766927083333332, 0.016628689236111112, 0.001573350694444444, 0.0010127314814814808, 0.00442165798611111, -0.001681857638888889, -0.005398220486111112, 0.042417173032407406, -0.0009765625, -0.0008138020833333339, 0.007080078125, 0.00537109375, 0.008951822916666664, 0.002007378472222222, -0.006157769097222222, 0.001030815972222222], [0.012532552083333334, -0.014133029513888888, 0.036187065972222224, -0.008138020833333334, 0.006673177083333334, 0.000244140625, 0.002604166666666666, -0.0009765625, 0.043737340856481476, -0.008165147569444444, -0.005208333333333334, -0.0009494357638888881, 0.0032371238425925927, 0.008572048611111114, -0.005506727430555556, -0.012044270833333332], [0.000949435763888889, -0.004937065972222223, 0.013509114583333332, -0.005316840277777778, -0.013427734375, -0.008138020833333334, 0.0009765625, -0.0008138020833333339, -0.008165147569444444, 0.03937897858796296, -0.012234157986111112, -0.002766927083333333, 0.005967881944444444, 0.002586082175925925, 0.013509114583333332, 0.0005154079861111119], [-0.009060329861111108, 0.007649739583333334, -0.003038194444444444, -0.004041883680555555, 0.01708984375, -0.009765625, -0.016927083333333336, 0.007080078125, -0.005208333333333334, -0.012234157986111112, 0.047788266782407406, 0.007188585069444446, -0.006049262152777778, 0.001953125000000001, -0.0025137442129629633, 0.0005967881944444449], [-0.005533854166666667, 0.00412326388888889, 0.014295789930555556, -0.002604166666666667, -0.0166015625, 0.006835937499999998, 0.00024414062499999957, 0.00537109375, -0.0009494357638888881, -0.002766927083333333, 0.007188585069444446, 0.03464084201388889, -0.004720052083333332, -0.003607855902777778, -0.001356336805555555, -0.0008861400462962955], [0.003526475694444444, 0.004475911458333333, 0.0008138020833333339, -0.013671875, -0.002061631944444444, -0.002577039930555555, -0.009223090277777778, 0.008951822916666664, 0.0032371238425925927, 0.005967881944444444, -0.006049262152777778, -0.004720052083333332, 0.03180157696759258, 0.004041883680555554, 0.002821180555555557, -0.005669487847222222], [0.002522786458333333, -0.00998263888888889, -0.00390625, -0.0026041666666666665, -0.0001898871527777771, 0.0035807291666666665, 0.005208333333333332, 0.002007378472222222, 0.008572048611111114, 0.002586082175925925, 0.001953125000000001, -0.003607855902777778, 0.004041883680555554, 0.05012116608796297, 0.01169162326388889, 0.002007378472222223], [-0.009114583333333334, -0.0078125, 0.00043402777777777797, -0.014078776041666668, -0.00824652777777778, 0.007161458333333332, 0.010687934027777776, -0.006157769097222222, -0.005506727430555556, 0.013509114583333332, -0.0025137442129629633, -0.001356336805555555, 0.002821180555555557, 0.01169162326388889, 0.03487594039351851, 0.004421657986111112], [0.0029296875, 0.013834635416666666, -0.015055338541666668, 0.004503038194444444, -0.00016276041666666782, 0.004937065972222222, 0.005343967013888888, 0.001030815972222222, -0.012044270833333332, 0.0005154079861111119, 0.0005967881944444449, -0.0008861400462962955, -0.005669487847222222, 0.002007378472222223, 0.004421657986111112, 0.05221896701388889]],