{"label": "state-prep pilot: muzzle", "fidelity_vs_ideal": 0.8988251140202274, "purity": 0.8331501232089656, "rho_real": [[0.5198206018518519, -0.012279369212962963, -0.24309172453703703, -0.005262586805555556, 0.0712257667824074, 0.011366102430555556, -0.026177300347222217, -0.00024414062499999978, 0.014033564814814813, 0.014756944444444444, 0.002278645833333333, -0.003255208333333333, -0.0015190972222222222, -0.009114583333333334, 0.006673177083333333, 0.01513671875], [-0.012279369212962963, 0.22135416666666663, -0.003960503472222223, -0.09969979745370369, -0.011745876736111112, 0.034604673032407406, 0.008056640625, -0.020643446180555552, -0.024902343750000003, -0.009349681712962962, 0.014973958333333334, -0.002929687500000001, -0.0009765625, 0.0012478298611111112, -0.00634765625, 0.002766927083333333], [-0.24309172453703703, -0.003960503472222223, 0.12660951967592593, 0.013708043981481483, -0.042019314236111105, -0.006103515625, 0.019739221643518517, -0.001491970486111111, -0.01025390625, 0.004069010416666667, -0.0018627025462962955, 0.008246527777777778, -0.006022135416666666, 0.00439453125, -0.003960503472222222, -0.0003255208333333335], [-0.005262586805555556, -0.09969979745370369, 0.013708043981481483, 0.056984230324074084, 0.009684244791666666, -0.008490668402777776, 0.002739800347222222, 0.006230107060185184, 0.015136718750000003, 0.016438802083333332, -0.00341796875, -0.0034360532407407404, 0.00732421875, -0.0001627604166666663, 0.005859375, -0.0011935763888888888], [0.0712257667824074, -0.011745876736111112, -0.042019314236111105, 0.009684244791666666, 0.0309425636574074, -0.0016456886574074073, -0.006600839120370371, 0.006618923611111111, 0.002875434027777778, 0.012858072916666666, 0.0029296875, -0.01025390625, 0.006872106481481481, 0.009385850694444444, -0.006022135416666666, -0.002766927083333333], [0.011366102430555556, 0.034604673032407406, -0.006103515625, -0.008490668402777776, -0.0016456886574074073, 0.006239149305555535, -0.001844618055555555, -0.006763599537037042, -0.00732421875, 0.00043402777777777775, -0.00146484375, -0.0078125, -0.004231770833333333, 0.0020435474537037037, -0.006022135416666667, 0.002441406250000001], [-0.026177300347222217, 0.008056640625, 0.019739221643518517, 0.002739800347222222, -0.006600839120370371, -0.001844618055555555, 0.007306134259259273, -0.003002025462962963, -0.008463541666666668, -0.01220703125, -0.0008680555555555557, -0.007649739583333334, -0.0006510416666666661, -0.013020833333333332, -0.0021882233796296294, -0.005913628472222223], [-0.00024414062499999978, -0.020643446180555552, -0.001491970486111111, 0.006230107060185184, 0.006618923611111111, -0.006763599537037042, -0.003002025462962963, 0.006365740740740731, 0.01318359375, -0.001627604166666667, -0.00244140625, 0.002549913194444444, 0.003906250000000001, -0.007161458333333333, 0.002604166666666668, 0.0030743634259259257], [0.014033564814814813, -0.024902343750000003, -0.01025390625, 0.015136718750000003, 0.002875434027777778, -0.00732421875, -0.008463541666666668, 0.01318359375, 0.010235821759259314, 0.0002531828703703702, 0.0021339699074073917, 0.0030381944444444445, 0.005796079282407404, -0.001329210069444444, -0.0006239149305555533, -0.0017089843749999993], [0.014756944444444444, -0.009349681712962962, 0.004069010416666667, 0.016438802083333332, 0.012858072916666666, 0.00043402777777777775, -0.01220703125, -0.001627604166666667, 0.0002531828703703702, 0.005063657407407416, -0.009657118055555556, 0.0009946469907407343, -2.7126736111111015e-05, -0.003806785300925929, -0.004150390625, 0.003933376736111112], [0.002278645833333333, 0.014973958333333334, -0.0018627025462962955, -0.00341796875, 0.0029296875, -0.00146484375, -0.0008680555555555557, -0.00244140625, 0.0021339699074073917, -0.009657118055555556, 0.00537109375, 0.0024775752314814825, -0.0011664496527777754, -0.007568359374999999, -0.00011754918981481989, 0.004367404513888889], [-0.003255208333333333, -0.002929687500000001, 0.008246527777777778, -0.0034360532407407404, -0.01025390625, -0.0078125, -0.007649739583333334, 0.002549913194444444, 0.0030381944444444445, 0.0009946469907407343, 0.0024775752314814825, -0.003381799768518521, -0.004475911458333333, -0.001817491319444444, -0.002143012152777778, 0.0016728153935185149], [-0.0015190972222222222, -0.0009765625, -0.006022135416666666, 0.00732421875, 0.006872106481481481, -0.004231770833333333, -0.0006510416666666661, 0.003906250000000001, 0.005796079282407404, -2.7126736111111015e-05, -0.0011664496527777754, -0.004475911458333333, 0.005190248842592615, -0.0027850115740740734, -0.004213686342592601, 0.003200954861111111], [-0.009114583333333334, 0.0012478298611111112, 0.00439453125, -0.0001627604166666663, 0.009385850694444444, 0.0020435474537037037, -0.013020833333333332, -0.007161458333333333, -0.001329210069444444, -0.003806785300925929, -0.007568359374999999, -0.001817491319444444, -0.0027850115740740734, 0.0016456886574074021, 0.002224392361111111, 0.0014829282407407343], [0.006673177083333333, -0.00634765625, -0.003960503472222222, 0.005859375, -0.006022135416666666, -0.006022135416666667, -0.0021882233796296294, 0.002604166666666668, -0.0006239149305555533, -0.004150390625, -0.00011754918981481989, -0.002143012152777778, -0.004213686342592601, 0.002224392361111111, -0.0011935763888888812, -0.0005606192129629633], [0.01513671875, 0.002766927083333333, -0.0003255208333333335, -0.0011935763888888888, -0.002766927083333333, 0.002441406250000001, -0.005913628472222223, 0.0030743634259259257, -0.0017089843749999993, 0.003933376736111112, 0.004367404513888889, 0.0016728153935185149, 0.003200954861111111, 0.0014829282407407343, -0.0005606192129629633, 0.0014467592592592622]],