{"label": "state-prep 1: head |0>", "fidelity_vs_ideal": 0.8855139189007113, "purity": 0.8298395808341574, "rho_real": [[0.8755606192129631, -0.0031557436342592596, -0.043764467592592594, 0.0008680555555555558, -0.04279694733796296, 0.004313151041666667, 0.013129340277777778, -0.005452473958333334, -0.017062717013888888, 0.002197265625, -0.0029839409722222225, -0.016357421875, -0.013834635416666666, -0.015706380208333336, 0.008951822916666666, 0.00048828125], [-0.0031557436342592596, 0.03947844328703705, 0.006564670138888889, -0.0018807870370370376, 0.008382161458333332, 0.00830982349537037, -0.004150390625, -0.0018446180555555555, 0.008816189236111112, 0.006971571180555556, 0.028564453125, -0.0020073784722222225, 0.005777994791666666, 0.003743489583333333, -0.00439453125, -0.0013020833333333348], [-0.043764467592592594, 0.006564670138888889, 0.025282118055555552, -0.005271629050925927, -0.007921006944444444, -0.013916015625, 0.0044035734953703715, 0.0013834635416666663, -0.0022786458333333335, -0.006103515625, 0.0032823350694444445, -0.002685546875, 0.007486979166666666, 0.01123046875, -0.0006510416666666661, 0.0018717447916666665], [0.0008680555555555558, -0.0018807870370370376, -0.005271629050925927, 0.0014829282407407551, 0.001057942708333334, -0.0017361111111111119, 0.0008951822916666665, -0.0024323640046296294, 0.001383463541666666, -0.0003255208333333335, -0.000949435763888889, -0.001003689236111111, -0.00244140625, -0.003743489583333334, 0.0008951822916666661, 0.002278645833333334], [-0.04279694733796296, 0.008382161458333332, -0.007921006944444444, 0.001057942708333334, 0.02036313657407407, -0.0004973234953703704, -0.00703486689814815, -0.0038519965277777775, 0.00027126736111111015, -0.001708984375, 0.01708984375, -0.0126953125, -0.0013834635416666678, -0.000895182291666667, -0.0037977430555555555, 0.004638671874999998], [0.004313151041666667, 0.00830982349537037, -0.013916015625, -0.0017361111111111119, -0.0004973234953703704, 0.005678530092592594, 0.0021701388888888886, -0.0006329571759259266, -0.012451171875, -0.005262586805555555, -0.0078125, -0.012695312500000002, 0.002794053819444444, -0.000786675347222222, -0.012939453124999998, 0.00010850694444444449], [0.013129340277777778, -0.004150390625, 0.0044035734953703715, 0.0008951822916666665, -0.00703486689814815, 0.0021701388888888886, 0.002224392361111112, 0.0038972077546296294, 0.001302083333333333, -0.0126953125, -0.00412326388888889, 0.003173828125, -0.00016276041666666652, 0.001220703125, 0.004313151041666666, 0.0010579427083333335], [-0.005452473958333334, -0.0018446180555555555, 0.0013834635416666663, -0.0024323640046296294, -0.0038519965277777775, -0.0006329571759259266, 0.0038972077546296294, 0.002947771990740755, -0.0029296875, -0.0001627604166666674, 0.010986328125, 0.0030381944444444445, 0.0008951822916666661, 0.0027669270833333335, -0.0001356336805555555, -0.001925998263888889], [-0.017062717013888888, 0.008816189236111112, -0.0022786458333333335, 0.001383463541666666, 0.00027126736111111015, -0.012451171875, 0.001302083333333333, -0.0029296875, 0.025752314814814825, -0.00706199363425926, -0.0028030960648148147, -0.0017361111111111106, 0.007984302662037037, 0.003173828125, 0.001085069444444444, 0.002848307291666667], [0.002197265625, 0.006971571180555556, -0.006103515625, -0.0003255208333333335, -0.001708984375, -0.005262586805555555, -0.0126953125, -0.0001627604166666674, -0.00706199363425926, -0.003146701388888895, 0.00656467013888889, -0.0012839988425925927, -0.0018717447916666663, -0.0017813223379629633, 0.001220703125, 0.0007595486111111114], [-0.0029839409722222225, 0.028564453125, 0.0032823350694444445, -0.000949435763888889, 0.01708984375, -0.0078125, -0.00412326388888889, 0.010986328125, -0.0028030960648148147, 0.00656467013888889, -0.003996672453703699, 0.002540870949074074, 0.0015190972222222225, 0.002197265625, -0.0027578848379629624, 0.000244140625], [-0.016357421875, -0.0020073784722222225, -0.002685546875, -0.001003689236111111, -0.0126953125, -0.012695312500000002, 0.003173828125, 0.0030381944444444445, -0.0017361111111111106, -0.0012839988425925927, 0.002540870949074074, 0.003345630787037035, 0.000569661458333333, 0.004774305555555556, -0.003499348958333333, 0.0017994068287037045], [-0.013834635416666666, 0.005777994791666666, 0.007486979166666666, -0.00244140625, -0.0013834635416666678, 0.002794053819444444, -0.00016276041666666652, 0.0008951822916666661, 0.007984302662037037, -0.0018717447916666663, 0.0015190972222222225, 0.000569661458333333, -0.000560619212962972, -0.00017180266203703715, -0.0012297453703703724, -0.0005967881944444445], [-0.015706380208333336, 0.003743489583333333, 0.01123046875, -0.003743489583333334, -0.000895182291666667, -0.000786675347222222, 0.001220703125, 0.0027669270833333335, 0.003173828125, -0.0017813223379629633, 0.002197265625, 0.004774305555555556, -0.00017180266203703715, 0.0035264756944444475, -0.0017361111111111114, 0.00387008101851852], [0.008951822916666666, -0.00439453125, -0.0006510416666666661, 0.0008951822916666661, -0.0037977430555555555, -0.012939453124999998, 0.004313151041666666, -0.0001356336805555555, 0.001085069444444444, 0.001220703125, -0.0027578848379629624, -0.003499348958333333, -0.0012297453703703724, -0.0017361111111111114, 0.002350983796296273, -0.003589771412037037], [0.00048828125, -0.0013020833333333348, 0.0018717447916666665, 0.002278645833333334, 0.004638671874999998, 0.00010850694444444449, 0.0010579427083333335, -0.001925998263888889, 0.002848307291666667, 0.0007595486111111114, 0.000244140625, 0.0017994068287037045, -0.0005967881944444445, 0.00387008101851852, -0.003589771412037037, -0.0002893518518518601]],