{"label": "state-prep 4: right ear", "fidelity_vs_ideal": 0.8945770707228189, "purity": 0.8365594395557713, "rho_real": [[0.15425166377314814, 0.11386899594907407, -0.01713505497685185, -0.12263997395833334, -0.11405888310185185, -0.014458550347222227, 0.05314127604166667, 0.05289713541666667, 0.004530164930555556, -0.029758029513888888, -0.027940538194444444, 0.004557291666666666, 0.009847005208333334, 0.006347656249999998, 0.006103515625, 0.005859375], [0.11386899594907407, 0.1533655237268519, 0.09898546006944445, -0.05467845775462963, -0.11650933159722222, -0.05334924768518519, 0.025390625, 0.059326171875, 0.033284505208333336, -0.014458550347222224, -0.023111979166666664, -0.018988715277777776, -0.014811197916666664, 0.006103515625000001, 0.00537109375, 0.00024414062499999957], [-0.01713505497685185, 0.09898546006944445, 0.21926540798611113, 0.1075755931712963, -0.04402669270833333, -0.08935546875, -0.043258101851851846, 0.035834418402777776, 0.05392795138888888, 0.0234375, -0.009847005208333332, -0.03219943576388889, -0.015543619791666668, -0.0048828125, 0.007080078125, 0.004394531250000002], [-0.12263997395833334, -0.05467845775462963, 0.1075755931712963, 0.17606155960648148, 0.06477864583333333, -0.03328450520833333, -0.07435438368055555, -0.05090784143518519, 0.010742187500000002, 0.04367404513888889, 0.018473307291666668, -0.014838324652777776, -0.00927734375, -0.01066080729166667, 0.013509114583333336, 0.008219401041666668], [-0.11405888310185185, -0.11650933159722222, -0.04402669270833333, 0.06477864583333333, 0.09826208043981481, 0.037046079282407406, -0.029504846643518517, -0.042236328125, -0.011149088541666666, 0.021809895833333332, 0.028727213541666668, 0.00390625, -0.005181206597222222, -0.009412977430555558, -0.006456163194444444, 0.0016276041666666665], [-0.014458550347222227, -0.05334924768518519, -0.08935546875, -0.03328450520833333, 0.037046079282407406, 0.06688548900462962, 0.011420355902777776, -0.020173249421296294, -0.04654947916666667, -0.008382161458333334, 0.01220703125, 0.007242838541666666, 0.014241536458333334, -0.003336588541666668, -0.008463541666666666, 0.0024956597222222238], [0.05314127604166667, 0.025390625, -0.043258101851851846, -0.07435438368055555, -0.029504846643518517, 0.011420355902777776, 0.03447808159722223, 0.017406322337962965, -0.009195963541666666, -0.0234375, -0.009033203125, -0.003580729166666668, 0.01030815972222222, 0.0019531249999999996, 0.0006239149305555546, -0.005995008680555554], [0.05289713541666667, 0.059326171875, 0.035834418402777776, -0.05090784143518519, -0.042236328125, -0.020173249421296294, 0.017406322337962965, 0.0291431568287037, 0.03369140625, -0.012125651041666666, -0.012369791666666671, -0.011149088541666668, -0.0009765624999999996, 5.4253472222216825e-05, 0.0013834635416666678, -0.003065321180555555], [0.004530164930555556, 0.033284505208333336, 0.05392795138888888, 0.010742187500000002, -0.011149088541666666, -0.04654947916666667, -0.009195963541666666, 0.03369140625, 0.024079499421296283, 0.016592520254629626, -0.00617585358796296, -0.009521484374999993, -0.00528067129629629, 0.0016547309027777797, 0.004801432291666668, -0.0003255208333333322], [-0.029758029513888888, -0.014458550347222224, 0.0234375, 0.04367404513888889, 0.021809895833333332, -0.008382161458333334, -0.0234375, -0.012125651041666666, 0.016592520254629626, 0.021891276041666678, 0.0008409288194444406, -0.004005714699074072, -0.006320529513888892, -0.006745515046296296, -0.00341796875, 0.0070800781249999965], [-0.027940538194444444, -0.023111979166666664, -0.009847005208333332, 0.018473307291666668, 0.028727213541666668, 0.01220703125, -0.009033203125, -0.012369791666666671, -0.00617585358796296, 0.0008409288194444406, 0.009557653356481486, -0.004674840856481479, 0.003336588541666668, 0.0087890625, -0.00772207754629629, -0.007622612847222224], [0.004557291666666666, -0.018988715277777776, -0.03219943576388889, -0.014838324652777776, 0.00390625, 0.007242838541666666, -0.003580729166666668, -0.011149088541666668, -0.009521484374999993, -0.004005714699074072, -0.004674840856481479, 0.0047652633101851975, 0.005696614583333332, 0.0004069010416666678, -0.0022515190972222238, 0.004484953703703704], [0.009847005208333334, -0.014811197916666664, -0.015543619791666668, -0.00927734375, -0.005181206597222222, 0.014241536458333334, 0.01030815972222222, -0.0009765624999999996, -0.00528067129629629, -0.006320529513888892, 0.003336588541666668, 0.005696614583333332, 0.002920645254629633, -0.004566333912037035, 0.0009856047453703724, -0.00040690104166666435], [0.006347656249999998, 0.006103515625000001, -0.0048828125, -0.01066080729166667, -0.009412977430555558, -0.003336588541666668, 0.0019531249999999996, 5.4253472222216825e-05, 0.0016547309027777797, -0.006745515046296296, 0.0087890625, 0.0004069010416666678, -0.004566333912037035, 0.00018988715277778144, 0.004096137152777769, -0.002703631365740736], [0.006103515625, 0.00537109375, 0.007080078125, 0.013509114583333336, -0.006456163194444444, -0.008463541666666666, 0.0006239149305555546, 0.0013834635416666678, 0.004801432291666668, -0.00341796875, -0.00772207754629629, -0.0022515190972222238, 0.0009856047453703724, 0.004096137152777769, 0.006085431134259267, 0.0018355758101851923], [0.005859375, 0.00024414062499999957, 0.004394531250000002, 0.008219401041666668, 0.0016276041666666665, 0.0024956597222222238, -0.005995008680555554, -0.003065321180555555, -0.0003255208333333322, 0.0070800781249999965, -0.007622612847222224, 0.004484953703703704, -0.00040690104166666435, -0.002703631365740736, 0.0018355758101851923, -0.0012026186342592535]],