{"label": "state-prep 3: left ear", "fidelity_vs_ideal": 0.8747289641542225, "purity": 0.7909426905000161, "rho_real": [[0.16641348379629628, -0.13594111689814814, 0.003951461226851851, 0.10967339409722222, -0.10810908564814815, 0.021755642361111115, 0.058430989583333336, -0.05094401041666667, -0.005054615162037037, 0.022677951388888888, -0.004041883680555555, -0.008463541666666666, -0.002305772569444445, -0.00732421875, -0.002278645833333333, -0.000732421875], [-0.13594111689814814, 0.21551287615740736, -0.1034884982638889, -0.0564869068287037, 0.1423068576388889, -0.07338686342592593, -0.0224609375, 0.06282552083333334, -0.032389322916666664, -0.007604528356481481, 0.012207031249999998, 0.001329210069444445, -0.001953125, 0.012342664930555556, 0.007568359375, 0.005533854166666667], [0.003951461226851851, -0.1034884982638889, 0.17277922453703703, -0.09004267939814814, -0.047200520833333336, 0.0927734375, -0.050871672453703706, -0.023328993055555552, 0.029378255208333336, -0.002115885416666666, -0.012595847800925925, 0.02381727430555556, 0.006022135416666666, -0.004150390625, 0.000949435763888889, 0.00830078125], [0.10967339409722222, -0.0564869068287037, -0.09004267939814814, 0.13832826967592593, -0.06917317708333334, -0.03824869791666667, 0.06336805555555555, -0.031448929398148154, -0.034830729166666664, 0.023356119791666668, -0.01171875, -0.003752531828703704, 0.007080078125, 0.00016276041666666652, -0.001953125, -0.007839626736111112], [-0.10810908564814815, 0.1423068576388889, -0.047200520833333336, -0.06917317708333334, 0.11272063078703702, -0.04946108217592593, -0.02605070891203704, 0.05368381076388888, -0.012505425347222224, -0.0001627604166666661, 0.002766927083333333, -0.011474609375, 0.0029206452546296294, 0.003960503472222222, -0.010877821180555556, -0.005533854166666666], [0.021755642361111115, -0.07338686342592593, 0.0927734375, -0.03824869791666667, -0.04946108217592593, 0.06926359953703705, -0.021131727430555552, -0.022361472800925927, 0.021809895833333336, -0.001763237847222222, -0.008056640625, 0.010579427083333332, 0.003906250000000002, -0.01199905960648148, 0.005371093749999998, 0.009141710069444446], [0.058430989583333336, -0.0224609375, -0.050871672453703706, 0.06336805555555555, -0.02605070891203704, -0.021131727430555552, 0.054850260416666664, -0.010724103009259266, -0.015625, -0.002197265625, 0.001491970486111111, -0.011881510416666668, 0.005289713541666667, 0.006673177083333332, 0.0002622251157407404, -0.010525173611111112], [-0.05094401041666667, 0.06282552083333334, -0.023328993055555552, -0.031448929398148154, 0.05368381076388888, -0.022361472800925927, -0.010724103009259266, 0.03526475694444445, -0.009521484375, 4.336808689942018e-19, 0.004231770833333333, -0.005343967013888888, 0.0032552083333333348, -0.001708984375, 0.0011393229166666678, -0.001311125578703704], [-0.005054615162037037, -0.032389322916666664, 0.029378255208333336, -0.034830729166666664, -0.012505425347222224, 0.021809895833333336, -0.015625, -0.009521484375, 0.012532552083333315, -0.004376446759259266, -0.0027759693287037037, 0.008924696180555552, 0.0002893518518518566, -0.002332899305555563, -0.0011393229166666678, 0.00032552083333333565], [0.022677951388888888, -0.007604528356481481, -0.002115885416666666, 0.023356119791666668, -0.0001627604166666661, -0.001763237847222222, -0.002197265625, 4.336808689942018e-19, -0.004376446759259266, 0.0031467013888888794, 0.0018174913194444475, -0.0055971498842592605, -0.00027126736111111535, -0.003725405092592598, -0.00439453125, 0.003255208333333332], [-0.004041883680555555, 0.012207031249999998, -0.012595847800925925, -0.01171875, 0.002766927083333333, -0.008056640625, 0.001491970486111111, 0.004231770833333333, -0.0027759693287037037, 0.0018174913194444475, 0.009241174768518521, -0.002097800925925923, 0.003255208333333332, 0.00244140625, 0.0008861400462963041, -0.0024956597222222238], [-0.008463541666666666, 0.001329210069444445, 0.02381727430555556, -0.003752531828703704, -0.011474609375, 0.010579427083333332, -0.011881510416666668, -0.005343967013888888, 0.008924696180555552, -0.0055971498842592605, -0.002097800925925923, 0.007450810185185181, -0.0013020833333333356, 0.0004882812500000035, 0.0028211805555555525, -0.0008499710648148147], [-0.002305772569444445, -0.001953125, 0.006022135416666666, 0.007080078125, 0.0029206452546296294, 0.003906250000000002, 0.005289713541666667, 0.0032552083333333348, 0.0002893518518518566, -0.00027126736111111535, 0.003255208333333332, -0.0013020833333333356, -0.0013382523148148225, -0.0009042245370370419, -0.0021791811342592587, -0.0031195746527777797], [-0.00732421875, 0.012342664930555556, -0.004150390625, 0.00016276041666666652, 0.003960503472222222, -0.01199905960648148, 0.006673177083333332, -0.001708984375, -0.002332899305555563, -0.003725405092592598, 0.00244140625, 0.0004882812500000035, -0.0009042245370370419, 0.006094473379629635, -0.0007866753472222203, 0.0005334924768518531], [-0.002278645833333333, 0.007568359375, 0.000949435763888889, -0.001953125, -0.010877821180555556, 0.005371093749999998, 0.0002622251157407404, 0.0011393229166666678, -0.0011393229166666678, -0.00439453125, 0.0008861400462963041, 0.0028211805555555525, -0.0021791811342592587, -0.0007866753472222203, -0.0018084490740740752, -0.001880787037037042], [-0.000732421875, 0.005533854166666667, 0.00830078125, -0.007839626736111112, -0.005533854166666666, 0.009141710069444446, -0.010525173611111112, -0.001311125578703704, 0.00032552083333333565, 0.003255208333333332, -0.0024956597222222238, -0.0008499710648148147, -0.0031195746527777797, 0.0005334924768518531, -0.001880787037037042, -0.0004521122685185166]],